﻿Designator,Footprint,Quantity,Value,LCSC Part #
C1,0603,1,0.1uF,
D1,0603,1,Red,
D2,LED_1205_RGB_Bottom,1,LED_RGB,
"FID1, FID2, FID3, FID4",Fiducial_0.5mm_Mask1mm,4,Fiducial_0.5mm,
"J1, J3",JST_SMD_1.0mm-4_RA,2,Qwiic_RA,
J2,1x04,1,Conn_01x04,
J5,1x04,1,I2C,
JP1,Jumper_2_NO,1,A0,
JP2,Jumper_2_NO,1,A1,
JP3,Jumper_2_NO,1,A2,
JP4,Jumper_2_NC_Trace,1,PWR,
JP5,Jumper_2_NC_Trace,1,5,
JP6,Jumper_3_NC-2_Trace,1,I²C,
JP7,Jumper_2_NC_Trace,1,6,
JP8,Jumper_2_NC_Trace,1,7,
"R1, R10, R11, R12, R2, R3, R4, R8, R9",0603,9,10k,
"R13, R14, R7",0603,3,2.2k,
"R15, R5, R6",0603,3,1k,
"ST1, ST2, ST3, ST4",Standoff,4,Standoff,
SW2,Navigation_SMD_7.5x7.5mm,1,Nav Switch,
U4,TSSOP-16_4.4x5mm_P0.65mm,1,PCA9554PW,
